strategy,mean_f1,std_f1,mean_acc,std_acc,mean_auc,n_folds
GKF,0.5983333333333333,0.08373237791386978,0.8046137164543238,0.047539348431425266,0.8280065345282737,5
SKF,0.4624004753416518,0.0576003521116965,0.750189393939394,0.03405090245146831,0.7879227053140097,5
