fold,train_size,test_size,accuracy,f1_score,roc_auc,best_threshold,true_negatives,false_positives,false_negatives,true_positives
1,799,200,0.985,0.4,0.9477040816326531,0.8781195878982544,196,0,3,1
2,799,200,0.98,0.0,0.9107142857142858,0.8999999761581421,196,0,4,0
3,799,200,0.965,0.2222222222222222,0.9375,0.8874548077583313,192,4,3,1
4,799,200,0.98,0.0,0.9375,0.8999999761581421,196,0,4,0
5,800,199,0.9798994974874372,0.0,0.9141025641025641,0.8786423206329346,195,0,4,0
