fold,test_years,train_size,test_size,accuracy,f1_score,roc_auc,best_threshold,true_negatives,false_positives,false_negatives,true_positives
1,"[np.int64(2010), np.int64(2011), np.int64(2012)]",232,46,0.8478260869565217,0.0,0.4597069597069597,0.6706732511520386,39,0,7,0
2,"[np.int64(2013), np.int64(2014), np.int64(2015)]",222,56,0.9821428571428571,0.0,0.5545454545454546,0.7523260116577148,55,0,1,0
3,"[np.int64(2016), np.int64(2017), np.int64(2018)]",218,60,0.9,0.0,0.6666666666666666,0.7562612891197205,54,0,6,0
4,"[np.int64(2019), np.int64(2020), np.int64(2021)]",221,57,0.9122807017543859,0.0,0.5660377358490567,0.8999999761581421,52,1,4,0
5,"[np.int64(2022), np.int64(2023), np.int64(2024)]",219,59,0.9661016949152542,0.0,0.7719298245614036,0.7899947166442871,57,0,2,0
