strategy,mean_f1,std_f1,mean_acc,std_acc,mean_auc,n_folds
GKF,0.16312576312576313,0.13611748774262036,0.9229679673297995,0.05493065389473794,0.7469683206896323,5
SKF,0.12444444444444444,0.1624503722888628,0.9779798994974873,0.006776519321211657,0.9295041862899007,5
