strategy,mean_f1,std_f1,mean_acc,std_acc,mean_auc,n_folds
GKF,0.0,0.0,0.9216702681538038,0.04825311032217709,0.6037773282659082,5
SKF,0.06666666666666667,0.13333333333333333,0.928051948051948,0.000636231102021632,0.5952865761689291,5
