strategy,fold_label,train_size,test_size,accuracy,f1_score,roc_auc,best_threshold,true_negatives,false_positives,false_negatives,true_positives
gkf,group_1,902,97,0.8041237113402062,0.4864864864864865,0.8058823529411765,0.25000000000000006,69,16,3,9
gkf,group_2,912,87,0.7816091954022989,0.5128205128205128,0.7651663405088063,0.3500000000000001,58,15,4,10
gkf,group_3,911,88,0.875,0.42105263157894735,0.6807760141093475,0.5500000000000002,73,8,3,4
gkf,group_4,903,96,0.7083333333333334,0.391304347826087,0.65234375,0.15000000000000002,59,21,7,9
gkf,group_5,368,631,0.9809825673534073,0.5384615384615384,0.6429618768328444,0.40000000000000013,612,8,4,7
