strategy,fold_label,train_size,test_size,accuracy,f1_score,roc_auc,best_threshold,true_negatives,false_positives,false_negatives,true_positives
skf,fold_1,799,200,0.94,0.5714285714285714,0.7473404255319149,0.4500000000000001,180,8,4,8
skf,fold_2,799,200,0.935,0.5185185185185185,0.8448581560283688,0.5000000000000001,180,8,5,7
skf,fold_3,799,200,0.89,0.42105263157894735,0.8337765957446808,0.5500000000000002,170,18,4,8
skf,fold_4,799,200,0.95,0.6153846153846154,0.75177304964539,0.1,182,6,4,8
skf,fold_5,800,199,0.9095477386934674,0.4375,0.7758467023172905,0.40000000000000013,174,13,5,7
