strategy,mean_f1,std_f1,mean_acc,std_acc,mean_auc,std_auc,n_folds,elapsed_seconds
gkf,0.4700251034347144,0.055463916556465966,0.8300097614858493,0.09234150229489313,0.7094260668784349,0.06466451609299187,5,37.405351877212524
skf,0.5127768673821305,0.07494168545210274,0.9249095477386934,0.02197148821280654,0.7907189858535291,0.040999214082822324,5,47.1662700176239
