strategy,mean_f1,std_f1,mean_acc,std_acc,mean_auc,std_auc,n_folds,elapsed_seconds
gkf,0.48381590031590027,0.032974601892419304,0.8662271439353436,0.0602906071153801,0.7598062727419823,0.08350408433615895,5,47.081804037094116
skf,0.4971434532075264,0.08467778683257787,0.9279145728643217,0.01918984879329898,0.7756826715212197,0.10084525728914566,5,48.11038017272949
